{"name":"teal Reporter","version":"1","id":"","cards":{"ReportCard":{"blocks":{"TextBlock":{"text":"My plot","style":"header2"},"PictureBlock":{"basename":"file147f85d533b.png"},"RcodeBlock":{"text":"x <- mtcars$mpg\nggplot2::ggplot(data = mtcars, ggplot2::aes(x = mpg)) +\nggplot2::geom_histogram(binwidth = 8)","params":{"echo":true,"eval":false}}},"metadata":[],"name":"Plot Module"},"ReportCard.1":{"blocks":{"TextBlock":{"text":"My plot","style":"header2"},"PictureBlock":{"basename":"file147f86f0346ac.png"},"RcodeBlock":{"text":"x <- mtcars$mpg\nggplot2::ggplot(data = mtcars, ggplot2::aes(x = mpg)) +\nggplot2::geom_histogram(binwidth = 8)","params":{"echo":true,"eval":false}}},"metadata":[],"name":"Plot Module"},"ReportCard.2":{"blocks":{"TextBlock":{"text":"My rtables","style":"header2"},"TableBlock":{"basename":"file147f826183965.rds"},"RcodeBlock":{"text":"lyt <- rtables::basic_table() %>%\nrtables::split_rows_by(\"Month\", label_pos = \"visible\") %>%\nrtables::analyze(\"Ozone\", afun = mean)\nrtables::build_table(lyt, airquality)","params":{"echo":true,"eval":false}}},"metadata":[],"name":"Table Module rtables"}},"metadata":[]}